player_code,player_id,full_name,country,role,batting_style,bowling_style,born
P Amarnath,290629,,India,,Right-hand bat,Right-arm medium,"
June 1, 1982 "
S Anirudha,26798,,India,Top-order batsman,Right-hand bat,,"
April 14, 1987, Madras (now Chennai), Tamil Nadu "
KB Arun Karthik,319745,,India,Batsman,Right-hand bat,Legbreak googly,"
February 15, 1986, Walajapet, Tamil Nadu "
R Ashwin,26421,,India,Bowling allrounder,Right-hand bat,Right-arm offbreak,"
September 17, 1986, Madras (now Chennai), Tamil Nadu "
KM Asif,1083030,,India,Bowler,Right-hand bat,Right-arm medium,"
July 24, 1993, Edavanna,Malappuram "
S Badree,51433,,West Indies,Bowler,Right-hand bat,Legbreak,"
March 9, 1981, Barrackpore, Trinidad "
S Badrinath,26806,,India,Middle-order batsman,Right-hand bat,Right-arm offbreak,"
August 30, 1980, Madras (now Chennai), Tamil Nadu "
GJ Bailey,4451,,Australia,Top-order batsman,Right-hand bat,Right-arm medium,"
September 7, 1982, Launceston, Tasmania "
L Balaji,26829,,India,Bowler,Right-hand bat,Right-arm medium-fast,"
September 27, 1981, Madras (now Chennai), Tamil Nadu "
SW Billings,297628,,England,Wicketkeeper batsman,Right-hand bat,,"
June 15, 1991, Pembury, Kent "
DE Bollinger,4508,,Australia,Bowler,Left-hand bat,Left-arm fast-medium,"
July 24, 1981, Baulkham Hills, Sydney, New South Wales "
DJ Bravo,51439,,West Indies,Allrounder,Right-hand bat,Right-arm medium,"
October 7, 1983, Santa Cruz, Trinidad "
DL Chahar,447261,,India,Bowler,Right-hand bat,Right-arm medium,"
August 7, 1992, Agra, Uttar Pradesh "
PP Chawla,32966,,India,Allrounder,Left-hand bat,Legbreak,"
December 24, 1988, Aligarh, Uttar Pradesh "
SM Curran,662973,,England,Allrounder,Left-hand bat,Left-arm medium-fast,"
June 3, 1998, Northampton "
MS Dhoni,28081,,India,Wicketkeeper batsman,Right-hand bat,Right-arm medium,"
July 7, 1981, Ranchi, Bihar (now Jharkhand) "
F du Plessis,44828,,South Africa,Middle-order batsman,Right-hand bat,Legbreak,"
July 13, 1984, Pretoria "
SP Fleming,37000,,New Zealand,Top-order batsman,Left-hand bat,,"
April 1, 1973, Christchurch, Canterbury "
A Flintoff,12856,,England,Allrounder,Right-hand bat,Right-arm fast-medium,"
December 6, 1977, Preston, Lancashire "
RD Gaikwad,1060380,,India,Batsman,Right-hand bat,Right-arm offbreak,"
January 31, 1997, Pune, Maharashtra "
C Ganapathy,28764,,India,,Right-hand bat,Right-arm medium,"
June 10, 1981 "
MS Gony,317293,,India,Bowler,Right-hand bat,Right-arm medium,"
January 4, 1984, Roopnagar, Punjab "
Harbhajan Singh,29264,,India,Bowler,Right-hand bat,Right-arm offbreak,"
July 3, 1980, Jullundur (now Jalandhar), Punjab "
JW Hastings,228622,,Australia,Allrounder,Right-hand bat,Right-arm fast-medium,"
November 4, 1985, Penrith, New South Wales "
ML Hayden,5616,,Australia,Opening batsman,Left-hand bat,Right-arm medium,"
October 29, 1971, Kingaroy, Queensland "
JR Hazlewood,288284,,Australia,Bowler,Left-hand bat,Right-arm fast-medium,"
January 8, 1991, Tamworth, New South Wales "
BW Hilfenhaus,5941,,Australia,Bowler,Right-hand bat,Right-arm fast-medium,"
March 15, 1983, Ulverstone, Tasmania "
JO Holder,391485,,West Indies,Bowling allrounder,Right-hand bat,Right-arm medium-fast,"
November 5, 1991, Barbados "
DJ Hussey,5766,,Australia,Allrounder,Right-hand bat,Right-arm offbreak,"
July 15, 1977, Mt Lawley, Perth, Western Australia "
MEK Hussey,5939,,Australia,Middle-order batsman,Left-hand bat,Right-arm medium,"
May 27, 1975, Mt Lawley, Perth, Western Australia "
Imran Tahir,40618,,South Africa,Bowler,Right-hand bat,Legbreak googly,"
March 27, 1979, Lahore, Punjab "
RA Jadeja,234675,,India,Allrounder,Left-hand bat,Slow left-arm orthodox,"
December 6, 1988, Navagam-Khed, Saurashtra "
KM Jadhav,290716,,India,Batting allrounder,Right-hand bat,Right-arm offbreak,"
March 26, 1985, Pune, Maharashtra "
SB Jakati,29655,,India,Bowler,Left-hand bat,Slow left-arm orthodox,"
November 27, 1980, Vasco da Gama, Goa "
Joginder Sharma,29976,,India,Allrounder,Right-hand bat,Right-arm fast-medium,"
October 23, 1983, Rohtak "
S Randiv,50438,,Sri Lanka,Bowler,Right-hand bat,Right-arm offbreak,"
January 30, 1985, Matara "
CK Kapugedera,209457,,Sri Lanka,Middle-order batsman,Right-hand bat,Right-arm medium,"
February 24, 1987, Kandy "
JM Kemp,45797,,South Africa,,Right-hand bat,Right-arm fast-medium,"
October 2, 1977, Queenstown, Cape Province "
SC Kuggeleijn,539548,,New Zealand,Bowling allrounder,Right-hand bat,Right-arm fast-medium,"
January 3, 1992, Hamilton "
KMDN Kulasekara,49535,,Sri Lanka,Bowler,Right-hand bat,Right-arm fast-medium,"
July 22, 1982, Nittambuwa "
B Laughlin,315623,,Australia,Bowler,Right-hand bat,Right-arm fast-medium,"
October 3, 1982, Box Hill, Victoria "
BB McCullum,37737,,New Zealand,Wicketkeeper batsman,Right-hand bat,"Right-arm medium, Right-arm offbreak","
September 27, 1981, Dunedin, Otago "
VY Mahesh,31732,,India,Allrounder,Right-hand bat,Right-arm medium-fast,"
December 21, 1987, Madras (now Chennai), Tamil Nadu "
M Manhas,31001,,India,Allrounder,Right-hand bat,Right-arm offbreak,"
October 12, 1979, Jammu "
RG More,424219,,India,,Right-hand bat,Right-arm medium,"
February 2, 1992, Belgaum, Karnataka "
JA Morkel,46248,,South Africa,Bowling allrounder,Left-hand bat,Right-arm medium-fast,"
June 10, 1981, Vereeniging, Transvaal "
CH Morris,439952,,South Africa,Bowling allrounder,Right-hand bat,Right-arm fast-medium,"
April 30, 1987, Pretoria, Transvaal "
A Mukund,302582,,India,Top-order batsman,Left-hand bat,Legbreak googly,"
January 6, 1990, Madras (now Chennai), Tamil Nadu "
M Muralitharan,49636,,Sri Lanka,Bowler,Right-hand bat,Right-arm offbreak,"
April 17, 1972, Kandy "
DP Nannes,6981,,Australia,Bowler,Right-hand bat,Left-arm fast,"
May 16, 1976, Mount Waverley, Melbourne, Victoria "
P Negi,530773,,India,Bowler,Left-hand bat,Slow left-arm orthodox,"
January 6, 1993, Delhi "
A Nehra,31820,,India,Bowler,Right-hand bat,Left-arm medium-fast,"
April 29, 1979, Delhi "
L Ngidi,542023,,South Africa,Bowler,Right-hand bat,Right-arm fast,"
March 29, 1996, Durban, Natal "
M Ntini,46592,,South Africa,,Right-hand bat,Right-arm fast,"
July 6, 1977, Mdingi, nr King William's Town, Cape Province "
JDP Oram,38062,,New Zealand,Allrounder,Left-hand bat,Right-arm fast-medium,"
July 28, 1978, Palmerston North, Manawatu "
IC Pandey,447439,,India,Bowler,Right-hand bat,Right-arm medium,"
August 15, 1989, Rewa, Madhya Pradesh "
PA Patel,32242,,India,Wicketkeeper batsman,Left-hand bat,Right-arm offbreak,"
March 9, 1985, Ahmedabad, Gujarat "
NLTC Perera,233514,,Sri Lanka,Bowling allrounder,Left-hand bat,Right-arm medium-fast,"
April 3, 1989, Colombo "
SK Raina,33335,,India,Middle-order batsman,Left-hand bat,Right-arm offbreak,"
November 27, 1986, Muradnagar, Ghaziabad, Uttar Pradesh "
AS Rajpoot,591650,,India,Bowler,Right-hand bat,Right-arm medium,"
December 4, 1993, Kanpur "
AT Rayudu,33141,,India,Middle-order batsman,Right-hand bat,Right-arm offbreak,"
September 23, 1985, Guntur, Andhra Pradesh "
WP Saha,279810,,India,Wicketkeeper batsman,Right-hand bat,,"
October 24, 1984, Shaktigarh "
MJ Santner,502714,,New Zealand,Bowling allrounder,Left-hand bat,Slow left-arm orthodox,"
February 5, 1992, Hamilton "
V Shankar,477021,,India,Allrounder,Right-hand bat,Right-arm medium,"
January 26, 1991, Tirunelveli, Tamil Nadu "
KV Sharma,30288,,India,Bowler,Left-hand bat,Legbreak googly,"
October 23, 1987, Meerut, Uttar Pradesh "
MM Sharma,537119,,India,Bowler,Right-hand bat,Right-arm medium,"
September 18, 1988, Ballabhgarh, Haryana "
DR Shorey,590327,,India,Top-order batsman,Right-hand bat,Right-arm offbreak,"
June 5, 1992, Delhi "
DR Smith,53118,,West Indies,Allrounder,Right-hand bat,Right-arm medium,"
April 12, 1983, Storey Gap, Codrington Hill, St Michael, Barbados "
TG Southee,232364,,New Zealand,Bowler,Right-hand bat,Right-arm medium-fast,"
December 11, 1988, Whangarei, Northland "
SB Styris,38407,,New Zealand,Allrounder,Right-hand bat,Right-arm medium,"
July 10, 1975, Brisbane, Queensland, Australia "
SN Thakur,475281,,India,Bowler,Right-hand bat,Right-arm medium,"
October 16, 1991, Palghar, Maharashtra "
T Thushara,49677,,Sri Lanka,Bowler,Left-hand bat,Left-arm fast-medium,"
March 1, 1981, Balapitiya "
S Tyagi,317784,,India,Bowler,Right-hand bat,Right-arm medium,"
September 17, 1987, Ghaziabad, Uttar Pradesh "
S Vidyut,35619,,India,,Left-hand bat,Slow left-arm orthodox,"
December 3, 1981, Madras (now Chennai), Tamil Nadu "
M Vijay,237095,,India,Opening batsman,Right-hand bat,Right-arm offbreak,"
April 1, 1984, Chennai "
SR Watson,8180,,Australia,Allrounder,Right-hand bat,Right-arm fast-medium,"
June 17, 1981, Ipswich, Queensland "
DJ Willey,308251,,England,Allrounder,Left-hand bat,Left-arm fast-medium,"
February 28, 1990, Northampton "
MA Wood,351588,,England,Bowler,Right-hand bat,Right-arm fast,"
January 11, 1990, Ashington, Northumberland "
Anand Rajan,26797,,India,Bowler,Right-hand bat,Right-arm medium,"
April 17, 1987, Nagpur, Maharashtra "
Anirudh Singh,26252,,India,,Left-hand bat,Right-arm medium,"
August 2, 1980, Hyderabad, Andhra Pradesh "
Ankit Sharma,422992,,India,Bowler,Left-hand bat,Slow left-arm orthodox,"
April 20, 1991, Gwalior, Madhya Pradesh "
A Ashish Reddy,389605,,India,Allrounder,Right-hand bat,Right-arm medium,"
February 24, 1991, Secunderabad "
SB Bangar,27225,,India,,Right-hand bat,Right-arm medium-fast,"
October 11, 1972, Bid, Maharashtra "
AA Bilakhia,26946,,India,,Right-hand bat,Right-arm medium,"
May 31, 1986, Mohwa, Bhavnagar, Gujarat "
B Chipli,27685,,India,Batsman,Right-hand bat,Right-arm medium,"
January 27, 1983, Sagar, Shivmoga, Karantaka "
DT Christian,4864,,Australia,Allrounder,Right-hand bat,Right-arm fast-medium,"
May 4, 1983, Camperdown, Sydney, New South Wales "
H Das,236810,,India,,Right-hand bat,,"
December 10, 1986, Dhankanal, Orissa "
KH Devdhar,340063,,India,Wicketkeeper,Right-hand bat,,"
December 14, 1989, Baroda (now Vadodara), Gujarat "
S Dhawan,28235,,India,Opening batsman,Left-hand bat,Right-arm offbreak,"
December 5, 1985, Delhi "
JP Duminy,44932,,South Africa,Batting allrounder,Left-hand bat,Right-arm offbreak,"
April 14, 1984, Strandfontein, Cape Town, Cape Province "
FH Edwards,51782,,West Indies,Bowler,Right-hand bat,Right-arm fast,"
February 6, 1982, Gays, St Peter, Barbados "
HH Gibbs,45224,,South Africa,,Right-hand bat,Right-arm bowler,"
February 23, 1974, Green Point, Cape Town, Cape Province "
AC Gilchrist,5390,,Australia,Wicketkeeper batsman,Left-hand bat,Right-arm offbreak,"
November 14, 1971, Bellingen, New South Wales "
Harmeet Singh,391128,,India,Bowler,Right-hand bat,Right-arm medium,"
October 9, 1987, Jodhpur, Rajasthan "
DJ Harris,5583,,Australia,,Right-hand bat,Right-arm medium,"
December 31, 1979, North Adelaide, South Australia "
RJ Harris,5779,,Australia,Bowler,Right-hand bat,Right-arm fast,"
October 11, 1979, Sydney, New South Wales "
IR Jaggi,279554,,India,Batsman,Right-hand bat,Legbreak googly,"
January 27, 1989, Bacheli "
Jaskaran Singh,376102,,India,Bowler,Right-hand bat,Right-arm medium,"
September 4, 1989, Mohali, Punjab "
AA Jhunjhunwala,29702,,India,Batsman,Right-hand bat,Right-arm offbreak,"
December 1, 1982, Calcutta (now Kolkata), Bengal "
D Kalyankrishna,30719,,India,,Right-hand bat,Right-arm medium-fast,"
December 16, 1983, Vijayawada "
VVS Laxman,30750,,India,Top-order batsman,Right-hand bat,Right-arm offbreak,"
November 1, 1974, Hyderabad, Andhra Pradesh "
MJ Lumb,16406,,England,Top-order batsman,Left-hand bat,Right-arm medium,"
February 12, 1980, Johannesburg, Transvaal, South Africa "
CA Lynn,326637,,Australia,Batsman,Right-hand bat,Slow left-arm orthodox,"
April 10, 1990, Brisbane, Queensland "
I Malhotra,31088,,India,Bowler,Right-hand bat,Right-arm medium-fast,"
May 23, 1984, Srinagar "
MR Marsh,272450,,Australia,Allrounder,Right-hand bat,Right-arm medium,"
October 20, 1991, Attadale, Perth "
A Mishra,31107,,India,Bowler,Right-hand bat,Legbreak,"
November 24, 1982, Delhi "
MD Mishra,31028,,India,Batsman,Right-hand bat,Right-arm offbreak,"
February 9, 1984, Bhopal, Madhya Pradesh "
T Mishra,24790,,India,Middle-order batsman,Right-hand bat,Right-arm fast-medium,"
December 22, 1986, Mumbai, India "
PP Ojha,32130,,India,Bowler,Left-hand bat,Slow left-arm orthodox,"
September 5, 1986, Bhubaneswar, Orissa "
V Pratap Singh,528967,,India,,Right-hand bat,Right-arm medium,"
May 3, 1992, Nalanda, Bihar "
DB Ravi Teja,237701,,India,Batsman,Right-hand bat,Legbreak googly,"
September 5, 1987, Kakinada, Andhra Pradesh "
PA Reddy,376109,,India,,Right-hand bat,Legbreak,"
February 11, 1991, Hyderabad "
KAJ Roach,230553,,West Indies,Bowler,Right-hand bat,Right-arm fast-medium,"
June 30, 1988, St. Lucy, Barbados "
BB Samantray,430125,,India,,Right-hand bat,Right-arm medium,"
December 14, 1988, Cuttack, Orissa "
KC Sangakkara,50710,,Sri Lanka,Wicketkeeper batsman,Left-hand bat,Right-arm offbreak,"
October 27, 1977, Matale "
PM Sarvesh Kumar,327127,,India,,Right-hand bat,Right-arm medium,"
April 26, 1989, Hyderabad, Andhra Pradesh "
Shahid Afridi,42639,,Pakistan,Allrounder,Right-hand bat,Legbreak googly,"
March 1, 1980, Khyber Agency "
I Sharma,236779,,India,Bowler,Right-hand bat,Right-arm fast-medium,"
September 2, 1988, Delhi "
R Sharma,272994,,India,Bowler,Right-hand bat,Legbreak googly,"
November 30, 1986, Jalandhar "
RG Sharma,34102,,India,Top-order batsman,Right-hand bat,Right-arm offbreak,"
April 30, 1987, Bansod, Nagpur, Maharashtra "
Shoaib Ahmed,317709,,India,,Right-hand bat,Right-arm fast-medium,"
November 19, 1987, Hyderabad, Andhra Pradesh "
LPC Silva,50431,,Sri Lanka,Batsman,Right-hand bat,Legbreak,"
December 14, 1979, Panadura "
RP Singh,35280,,India,Bowler,Right-hand bat,Left-arm fast-medium,"
December 6, 1985, Rae Bareli, Uttar Pradesh "
S Sohal,228943,,United States of America,Batsman,Right-hand bat,Legbreak,"
November 10, 1987, Mohali, Punjab, India "
DW Steyn,47492,,South Africa,Bowler,Right-hand bat,Right-arm fast,"
June 27, 1983, Phalaborwa "
TP Sudhindra,34139,,India,,Left-hand bat,Right-arm fast,"
April 24, 1984, Hindupur, Andhra Pradesh "
TL Suman,34281,,India,Batsman,Right-hand bat,Right-arm offbreak,"
December 15, 1983, Hyderabad, Andhra Pradesh "
B Sumanth,253798,,India,Middle-order batsman,Right-hand bat,Right-arm medium-fast,"
May 10, 1988, Visakhapatnam, Andhra Pradesh "
A Symonds,7702,,Australia,Allrounder,Right-hand bat,"Right-arm medium, Right-arm offbreak","
June 9, 1975, Birmingham, Warwickshire, England "
J Theron,223642,,United States of America,Bowler,Right-hand bat,Right-arm medium-fast,"
July 24, 1985, Potchefstroom "
WPUJC Vaas,50804,,Sri Lanka,Bowler,Left-hand bat,Left-arm fast-medium,"
January 27, 1974, Mattumagala "
Y Venugopal Rao,35805,,India,Middle-order batsman,Right-hand bat,Right-arm offbreak,"
February 26, 1982, Visakhapatnam, Andhra Pradesh "
DP Vijaykumar,272949,,India,,Right-hand bat,Right-arm medium,"
October 20, 1986, Paidikalva, Andhra Pradesh "
CL White,8291,,Australia,Middle-order batsman,Right-hand bat,Legbreak googly,"
August 18, 1983, Bairnsdale, Victoria "
AS Yadav,36110,,India,Batsman,Right-hand bat,Right-arm offbreak,"
December 23, 1981, Palghat (now Palakkad), Kerala "
DNT Zoysa,51050,,Sri Lanka,,Left-hand bat,Left-arm fast-medium,"
May 13, 1978, Colombo "
S Ladda,317292,,India,Bowler,Right-hand bat,Legbreak,"
July 10, 1986, Patiala "
AR Bawne,327123,,India,Middle-order batsman,Right-hand bat,Right-arm offbreak,"
December 17, 1992, Paitha, Aurangabad "
VR Aaron,360911,,India,Bowler,Right-hand bat,Right-arm fast,"
October 29, 1989, Singhbhum, Bihar (now Jharkhand) "
Abhishek Sharma,1070183,,India,Bowler,Left-hand bat,Slow left-arm orthodox,"
September 4, 2000, Amritsar, Punjab "
AB Agarkar,26184,,India,Bowler,Right-hand bat,Right-arm fast,"
December 4, 1977, Bombay (now Mumbai), Maharashtra "
MA Agarwal,398438,,India,Batsman,Right-hand bat,,"
February 16, 1991, Bangalore, Karnataka "
CJ Anderson,277662,,New Zealand,Batting allrounder,Left-hand bat,Left-arm medium-fast,"
December 13, 1990, Christchurch, Canterbury "
Avesh Khan,694211,,India,Bowler,Right-hand bat,Right-arm medium-fast,"
December 13, 1996, Indore, Madhya Pradesh "
R Bhatia,26907,,India,Allrounder,Right-hand bat,Right-arm medium-fast,"
October 22, 1979, Delhi "
TR Birt,4292,,Australia,Middle-order batsman,Left-hand bat,Right-arm medium,"
December 9, 1981, Sale, Victoria "
J Botha,44149,,South Africa,Allrounder,Right-hand bat,Right-arm offbreak,"
May 2, 1982, Johannesburg, Transvaal "
TA Boult,277912,,New Zealand,Bowler,Right-hand bat,Left-arm fast-medium,"
July 22, 1989, Rotorua "
DAJ Bracewell,362541,,New Zealand,Bowler,Right-hand bat,Right-arm fast-medium,"
September 28, 1990, Tauranga, Bay of Plenty "
CR Brathwaite,457249,,West Indies,Allrounder,Right-hand bat,Right-arm fast-medium,"
July 18, 1988, Barbados "
UBT Chand,446499,,India,Top-order batsman,Right-hand bat,Right-arm offbreak,"
March 26, 1993, Delhi "
PD Collingwood,10772,,England,Allrounder,Right-hand bat,Right-arm medium,"
May 26, 1976, Shotley Bridge, Co Durham "
NM Coulter-Nile,261354,,Australia,Bowler,Right-hand bat,Right-arm fast,"
October 11, 1987, Osborne Park, Western Australia "
PJ Cummins,489889,,Australia,Bowler,Right-hand bat,Right-arm fast,"
May 8, 1993, Westmead, Sydney "
CJ Dala,545467,,South Africa,Bowler,Right-hand bat,Right-arm medium,"
December 29, 1989, Lusaka, Zambia "
Q de Kock,379143,,South Africa,Wicketkeeper batsman,Left-hand bat,,"
December 17, 1992, Johannesburg, Gauteng "
AB de Villiers,44936,,South Africa,Wicketkeeper batsman,Right-hand bat,Right-arm medium,"
February 17, 1984, Pretoria "
TM Dilshan,48472,,Sri Lanka,Allrounder,Right-hand bat,Right-arm offbreak,"
October 14, 1976, Kalutara "
AB Dinda,227712,,India,Bowler,Right-hand bat,Right-arm medium-fast,"
March 25, 1984, Medinipur, Calcutta (now Kolkata) "
AJ Finch,5334,,Australia,Top-order batsman,Right-hand bat,Slow left-arm orthodox,"
November 17, 1986, Colac, Victoria "
G Gambhir,28763,,India,Top-order batsman,Left-hand bat,Legbreak,"
October 14, 1981, Delhi "
CM Gautam,302208,,India,Wicketkeeper,Right-hand bat,,"
March 8, 1986, Bangalore, Karnataka "
B Geeves,5472,,Australia,Bowler,Right-hand bat,Right-arm fast-medium,"
June 13, 1982, Claremont, Tasmania "
Sunny Gupta,271315,,India,,Right-hand bat,Right-arm offbreak,"
September 27, 1988, Jamshedpur, Bihar "
MC Henriques,5961,,Australia,Allrounder,Right-hand bat,Right-arm fast-medium,"
February 1, 1987, Funchal, Portugal "
SO Hetmyer,670025,,West Indies,Top-order batsman,Left-hand bat,,"
December 26, 1996, Cumberland, Berbice, Guyana "
JR Hopes,5702,,Australia,Allrounder,Right-hand bat,Right-arm medium,"
October 24, 1978, Townsville, Queensland "
CA Ingram,45705,,South Africa,Top-order batsman,Left-hand bat,Legbreak,"
July 3, 1985, Port Elizabeth "
SS Iyer,642519,,India,Top-order batsman,Right-hand bat,Legbreak googly,"
December 6, 1994, Mumbai "
DPMD Jayawardene,49289,,Sri Lanka,Batsman,Right-hand bat,Right-arm medium,"
May 27, 1977, Colombo "
MC Juneja,390480,,India,,Right-hand bat,Right-arm offbreak,"
September 12, 1990, Ahmedabad, Gujarat "
KD Karthik,30045,,India,Wicketkeeper batsman,Right-hand bat,Right-arm offbreak,"
June 1, 1985, Madras (now Chennai), Tamil Nadu "
S Kaul,326017,,India,Bowler,Right-hand bat,Right-arm medium,"
May 19, 1990, Pathankot, Punjab "
Z Khan,30102,,India,Bowler,Right-hand bat,Left-arm fast-medium,"
October 7, 1978, Shrirampur, Maharashtra "
S Lamichhane,960361,,Nepal,Bowler,Right-hand bat,Legbreak googly,"
August 2, 2000, Syangja "
AB McDonald,6553,,Australia,Allrounder,Right-hand bat,Right-arm fast-medium,"
June 5, 1981, Wodonga, Victoria "
GD McGrath,6565,,Australia,Bowler,Right-hand bat,Right-arm fast-medium,"
February 9, 1970, Dubbo, New South Wales "
MF Maharoof,49638,,Sri Lanka,Allrounder,Right-hand bat,Right-arm fast-medium,"
September 7, 1984, Colombo "
AD Mathews,49764,,Sri Lanka,Allrounder,Right-hand bat,Right-arm medium,"
June 2, 1987, Colombo "
GJ Maxwell,325026,,Australia,Batting allrounder,Right-hand bat,Right-arm offbreak,"
October 14, 1988, Kew, Melbourne, Victoria "
BMAJ Mendis,49700,,Sri Lanka,Allrounder,Left-hand bat,Legbreak,"
January 15, 1983, Colombo "
Mohammad Asif,41411,,Pakistan,Bowler,Left-hand bat,Right-arm fast-medium,"
December 20, 1982, Sheikhupura, Punjab "
Mohammed Shami,481896,,India,Bowler,Right-hand bat,Right-arm fast,"
September 3, 1990, Amroha, Uttar Pradesh "
M Morkel,46538,,South Africa,Bowler,Left-hand bat,Right-arm fast,"
October 6, 1984, Vereeniging, Transvaal "
C Munro,232359,,New Zealand,Opening batsman,Left-hand bat,Right-arm medium-fast,"
March 11, 1987, Durban "
DJ Muthuswami,528985,,India,,Right-hand bat,Right-arm medium,"
March 9, 1981, Pune, Maharashtra "
S Nadeem,31872,,India,Bowler,Right-hand bat,Slow left-arm orthodox,"
August 12, 1989, Bokaro, Bihar "
Y Nagar,317786,,India,Allrounder,Right-hand bat,Right-arm offbreak,"
January 6, 1990, Wazirabad, Delhi "
KK Nair,398439,,India,Top-order batsman,Right-hand bat,Right-arm offbreak,"
December 6, 1991, Jodhpur, Rajasthan "
JDS Neesham,355269,,New Zealand,Batting allrounder,Left-hand bat,Right-arm medium-fast,"
September 17, 1990, Auckland "
A Nortje,481979,,South Africa,Bowler,Right-hand bat,Right-arm fast,"
November 16, 1993 "
NV Ojha,32102,,India,Wicketkeeper batsman,Right-hand bat,,"
July 20, 1983, Ujjain, Madhya Pradesh "
RR Pant,931581,,India,Wicketkeeper batsman,Left-hand bat,,"
October 4, 1997, Haridwar, Uttarakhand "
WD Parnell,265564,,South Africa,Bowler,Left-hand bat,Left-arm medium-fast,"
July 30, 1989, Port Elizabeth, Cape Province "
AR Patel,554691,,India,Bowling allrounder,Left-hand bat,Slow left-arm orthodox,"
January 20, 1994, Anand, Gujarat "
HV Patel,390481,,India,Bowler,Right-hand bat,Right-arm medium,"
November 23, 1990, Sanand, Gujarat "
IK Pathan,32685,,India,Allrounder,Left-hand bat,Left-arm medium-fast,"
October 27, 1984, Baroda, Gujarat "
KMA Paul,677081,,West Indies,Allrounder,Right-hand bat,Right-arm fast-medium,"
February 21, 1998, Guyana "
KP Pietersen,19296,,England,Top-order batsman,Right-hand bat,Right-arm offbreak,"
June 27, 1980, Pietermaritzburg, Natal "
LE Plunkett,19264,,England,Bowler,Right-hand bat,Right-arm fast,"
April 6, 1985, Middlesbrough, Yorkshire "
K Rabada,550215,,South Africa,Bowler,Left-hand bat,Right-arm fast,"
May 25, 1995, Johannesburg "
BJ Rohrer,7547,,Australia,Middle-order batsman,Left-hand bat,,"
March 26, 1981, Bankstown, New South Wales "
JJ Roy,298438,,England,Opening batsman,Right-hand bat,,"
July 21, 1990, Durban, South Africa "
AD Russell,276298,,West Indies,Allrounder,Right-hand bat,Right-arm fast,"
April 29, 1988, Jamaica "
SE Rutherford,914541,,West Indies,Middle-order batsman,Left-hand bat,Right-arm fast-medium,"
August 15, 1998 "
AM Salvi,34264,,India,Bowler,Right-hand bat,Right-arm medium,"
October 20, 1981, Bombay (now Mumbai), Maharashtra "
SV Samson,425943,,India,Wicketkeeper batsman,Right-hand bat,,"
November 11, 1994, Pulluvila, Vizhinjam, Trivandrum "
MN Samuels,52983,,West Indies,Top-order batsman,Right-hand bat,Right-arm offbreak,"
February 5, 1981, Kingston, Jamaica "
GS Sandhu,499660,,Australia,Bowler,Left-hand bat,Right-arm fast-medium,"
June 14, 1993, Blacktown, New South Wales "
PJ Sangwan,279545,,India,Bowler,Right-hand bat,Left-arm medium,"
November 5, 1990, Rasiwas, Delhi "
V Sehwag,35263,,India,Top-order batsman,Right-hand bat,Right-arm offbreak,"
October 20, 1978, Delhi "
PP Shaw,1070168,,India,Opening batsman,Right-hand bat,Right-arm offbreak,"
November 9, 1999, Thane, Maharashtra "
Shoaib Malik,42657,,Pakistan,Allrounder,Right-hand bat,Right-arm offbreak,"
February 1, 1982, Sialkot, Punjab "
LR Shukla,34019,,India,Allrounder,Right-hand bat,Right-arm medium,"
May 6, 1981, Howrah (now Haora), Bengal "
R Shukla,390547,,India,,Right-hand bat,Right-arm medium,"
August 28, 1990, Jharkhand "
S Sriram,34118,,India,Middle-order batsman,Left-hand bat,Slow left-arm orthodox,"
February 21, 1976, Madras (now Chennai), Tamil Nadu "
MP Stoinis,325012,,Australia,Middle-order batsman,Right-hand bat,Right-arm medium,"
August 16, 1989, Perth "
J Suchith,527663,,India,Bowler,Left-hand bat,Slow left-arm orthodox,"
January 16, 1994, Mysore "
AP Tare,333904,,India,Wicketkeeper,Right-hand bat,,"
November 7, 1987, Bombay (now Mumbai), Maharashtra "
LRPL Taylor,38699,,New Zealand,Middle-order batsman,Right-hand bat,Right-arm offbreak,"
March 8, 1984, Lower Hutt, Wellington "
R Tewatia,423838,,India,Bowler,Left-hand bat,Legbreak,"
May 20, 1993, Sihi, Haryana "
MK Tiwary,35565,,India,Batsman,Right-hand bat,Legbreak googly,"
November 14, 1985, Howrah, Bengal "
SS Tiwary,35390,,India,Top-order batsman,Left-hand bat,,"
December 30, 1989, Jamshedpur, Bihar "
JD Unadkat,390484,,India,Bowler,Right-hand bat,Left-arm medium,"
October 18, 1991, Porbandar "
RE van der Merwe,47850,,Netherlands,Allrounder,Right-hand bat,Slow left-arm orthodox,"
December 31, 1984, Johannesburg, Transvaal "
DL Vettori,38710,,New Zealand,Allrounder,Left-hand bat,Slow left-arm orthodox,"
January 27, 1979, Auckland "
GH Vihari,452044,,India,Batting allrounder,Right-hand bat,Right-arm offbreak,"
October 13, 1993, Kakinada, Andhra Pradesh "
MS Wade,230193,,Australia,Wicketkeeper batsman,Left-hand bat,Right-arm medium,"
December 26, 1987, Hobart, Tasmania "
DA Warner,219889,,Australia,Opening batsman,Left-hand bat,Legbreak,"
October 27, 1986, Paddington, New South Wales "
J Yadav,447587,,India,Bowler,Right-hand bat,Right-arm offbreak,"
January 22, 1990, Delhi "
UT Yadav,376116,,India,Bowler,Right-hand bat,Right-arm fast,"
October 25, 1987, Nagpur, Maharashtra "
Yuvraj Singh,36084,,India,Middle-order batsman,Left-hand bat,Slow left-arm orthodox,"
December 12, 1981, Chandigarh "
AD Nath,500360,,India,Middle-order batsman,Right-hand bat,Right-arm medium-fast,"
May 10, 1993, Lucknow "
SS Agarwal,1079668,,India,,Right-hand bat,Legbreak googly,"
November 21, 1993, Raigadh, Gujarat "
Ankit Soni,1083128,,India,Allrounder,Right-hand bat,Legbreak,"
August 2, 1993 "
Basil Thampi,732291,,India,Bowler,Right-hand bat,Right-arm fast-medium,"
September 11, 1993, Ernakulam, Kerala "
ER Dwivedi,340841,,India,Wicketkeeper,Right-hand bat,,"
July 22, 1988, Allahabad "
JP Faulkner,270484,,Australia,Bowling allrounder,Right-hand bat,Left-arm fast-medium,"
April 29, 1990, Launceston, Tasmania "
Ishan Kishan,720471,,India,Wicketkeeper batsman,Left-hand bat,,"
July 18, 1998, Patna, Bihar "
S Kaushik,917213,,India,Bowler,Right-hand bat,Slow left-arm chinaman,"
September 7, 1995 "
DS Kulkarni,277955,,India,Bowler,Right-hand bat,Right-arm medium,"
December 10, 1988, Bombay (now Mumbai), Maharashtra "
P Kumar,30732,,India,Bowler,Right-hand bat,Right-arm medium,"
October 2, 1986, Meerut, Uttar Pradesh "
MM Patel,32965,,India,Bowler,Right-hand bat,Right-arm medium-fast,"
July 12, 1983, Ikhar, Gujarat "
NB Singh,853259,,India,Bowler,Right-hand bat,Right-arm medium,"
September 8, 1995, Jaipur "
PV Tambe,587152,,India,Bowler,Right-hand bat,Legbreak,"
October 8, 1971, Bombay (now Mumbai), Maharashtra "
Tejas Baroka,1082859,,India,,Right-hand bat,Legbreak googly,"
February 1, 1996, Pondicherry "
AJ Tye,459508,,Australia,Bowler,Right-hand bat,Right-arm medium-fast,"
December 12, 1986, Perth, Western Australia "
KJ Abbott,297583,,South Africa,Bowler,Right-hand bat,Right-arm fast-medium,"
June 18, 1987, Empangeni, KwaZulu-Natal "
YA Abdulla,224367,,South Africa,Bowler,Left-hand bat,Left-arm fast-medium,"
January 17, 1983, Johannesburg, Transvaal "
L Ablish,26236,,India,Bowler,Right-hand bat,Right-arm medium-fast,"
December 3, 1982, Ludhiana, Punjab "
HM Amla,43906,,South Africa,Top-order batsman,Right-hand bat,"Right-arm medium, Right-arm offbreak","
March 31, 1983, Durban, Natal "
Anureet Singh,376324,,India,Bowler,Right-hand bat,Right-arm medium,"
March 2, 1988, Delhi "
Arshdeep Singh,1125976,,India,Bowler,Left-hand bat,Left-arm medium-fast,"
February 5, 1999, Guna, Madhya Pradesh "
M Ashwin,528067,,India,Bowler,Right-hand bat,Legbreak googly,"
September 8, 1990, Chennai, Tamil Nadu "
P Awana,323131,,India,Bowler,Right-hand bat,Right-arm medium,"
July 19, 1986, Delhi, India "
Azhar Mahmood,39024,,Pakistan,,Right-hand bat,Right-arm fast-medium,"
February 28, 1975, Rawalpindi, Punjab "
AB Barath,274926,,West Indies,Opening batsman,Right-hand bat,Right-arm offbreak,"
April 14, 1990, Chaguanas, Trinidad "
F Behardien,44410,,South Africa,Batting allrounder,Right-hand bat,Right-arm fast-medium,"
October 9, 1983, Johannesburg "
BA Bhatt,433410,,India,Bowler,Left-hand bat,Slow left-arm orthodox,"
May 13, 1990, Vadodara, Gujarat "
Bipul Sharma,35928,,India,Allrounder,Left-hand bat,Slow left-arm orthodox,"
September 28, 1983, Amritsar, Punjab "
MS Bisla,27280,,India,Wicketkeeper,Right-hand bat,,"
December 27, 1984, Hisar, Haryana "
RS Bopara,10582,,England,Batting allrounder,Right-hand bat,Right-arm medium,"
May 4, 1985, Forest Gate, London "
RR Bose,27572,,India,,Right-hand bat,Right-arm fast-medium,"
February 27, 1979, Calcutta (now Kolkata), Bengal "
KC Cariappa,777537,,India,Bowler,Right-hand bat,Legbreak,"
April 13, 1994, Bangalore, Karnataka "
SD Chitnis,337916,,India,Batsman,Right-hand bat,Right-arm offbreak,"
May 6, 1987, Bombay (now Mumbai), Maharashtra "
SS Cottrell,495551,,West Indies,Bowler,Right-hand bat,Left-arm fast-medium,"
August 19, 1989, Jamaica "
P Dharmani,28067,,India,,Right-hand bat,,"
September 27, 1974, Delhi "
R Dhawan,290727,,India,Allrounder,Right-hand bat,Right-arm medium-fast,"
February 19, 1990, Mandi, Himachal Pradesh "
P Dogra,28160,,India,Batsman,Right-hand bat,Legbreak,"
November 19, 1984, Palampur, Himachal Pradesh "
Gagandeep Singh,28758,,India,,Right-hand bat,Right-arm medium-fast,"
October 3, 1981, Ludhiana, Punjab "
CH Gayle,51880,,West Indies,Allrounder,Left-hand bat,Right-arm offbreak,"
September 21, 1979, Kingston, Jamaica "
K Goel,28997,,India,,Left-hand bat,Right-arm offbreak,"
December 24, 1986, Ludhiana, Punjab "
K Gowtham,424377,,India,Bowling allrounder,Right-hand bat,Right-arm offbreak,"
October 20, 1988, Bangalore, Karnataka "
MJ Guptill,226492,,New Zealand,Opening batsman,Right-hand bat,Right-arm offbreak,"
September 30, 1986, Auckland "
Gurkeerat Singh,537124,,India,Middle-order batsman,Right-hand bat,Right-arm offbreak,"
June 29, 1990, Muktsar, Punjab "
Harpreet Brar,1168641,,India,Bowler,Left-hand bat,Slow left-arm orthodox,"
September 16, 1995, Moga, Punjab "
BE Hendricks,379927,,South Africa,Bowler,Left-hand bat,Left-arm fast-medium,"
June 8, 1990, Louis Leipoldt Hospital, Bellville, Cape Town "
MJ Henry,506612,,New Zealand,Bowler,Right-hand bat,Right-arm fast-medium,"
December 14, 1991, Christchurch, Canterbury "
MG Johnson,6033,,Australia,Bowler,Left-hand bat,Left-arm fast,"
November 2, 1981, Townsville, Queensland "
CJ Jordan,288992,,England,Bowler,Right-hand bat,Right-arm fast-medium,"
October 4, 1988, Barbados "
M Kaif,29990,,India,Batsman,Right-hand bat,Right-arm offbreak,"
December 1, 1980, Allahabad, Uttar Pradesh "
Karanveer Singh,322535,,India,,Right-hand bat,Legbreak googly,"
November 8, 1987, Chandigarh, Punjab "
M Kartik,30049,,India,Bowler,Left-hand bat,Slow left-arm orthodox,"
September 11, 1976, Madras (now Chennai), Tamil Nadu "
SM Katich,6128,,Australia,Batsman,Left-hand bat,Slow left-arm chinaman,"
August 21, 1975, Middle Swan, Western Australia "
U Kaul,30235,,India,Wicketkeeper,Left-hand bat,,"
December 2, 1987, Kangra, Himachal Pradesh "
SN Khan,642525,,India,Middle-order batsman,Right-hand bat,Legbreak,"
October 22, 1997, Mumbai "
T Kohli,331855,,India,,Right-hand bat,Right-arm medium,"
December 17, 1988, Jalandhar, Punjab "
B Lee,6278,,Australia,Bowler,Right-hand bat,Right-arm fast,"
November 8, 1976, Wollongong, New South Wales "
R McLaren,46393,,South Africa,Allrounder,Left-hand bat,Right-arm medium-fast,"
February 9, 1983, Kimberley, Cape Province "
VS Malik,31738,,India,Bowler,Right-hand bat,Right-arm medium,"
May 9, 1983, Vishakapatnam (Andhra) "
Mandeep Singh,398506,,India,Allrounder,Right-hand bat,Right-arm medium,"
December 18, 1991, Jalandhar, Punjab "
SE Marsh,6683,,Australia,Top-order batsman,Left-hand bat,Slow left-arm orthodox,"
July 9, 1983, Narrogin, Western Australia "
AD Mascarenhas,16932,,England,Allrounder,Right-hand bat,Right-arm fast-medium,"
October 30, 1977, Chiswick, Middlesex "
DA Miller,321777,,South Africa,Middle-order batsman,Left-hand bat,Right-arm offbreak,"
June 10, 1989, Pietermaritzburg, Natal "
EJG Morgan,24598,,England,Middle-order batsman,Left-hand bat,Right-arm medium,"
September 10, 1986, Dublin "
WA Mota,31041,,India,,Right-hand bat,Right-arm medium,"
September 20, 1981, Bombay (now Mumbai), Maharashtra "
Mujeeb Ur Rahman,974109,,Afghanistan,Bowler,Right-hand bat,Right-arm offbreak,"
March 28, 2001, Khost "
NS Naik,554700,,India,Wicketkeeper batsman,Right-hand bat,,"
November 9, 1994, Savantwadi, Maharashtra "
T Natarajan,802575,,India,Bowler,Left-hand bat,Left-arm medium,"
May 27, 1991, Salem "
AM Nayar,32091,,India,Allrounder,Left-hand bat,Right-arm medium,"
October 8, 1983, Secunderabad, Hyderabad "
MG Neser,376169,,Australia,Bowling allrounder,Right-hand bat,Right-arm medium-fast,"
March 29, 1990, Pretoria, South Africa "
LA Pomersbach,232284,,Australia,Batsman,Left-hand bat,Right-arm offbreak,"
September 28, 1984, Bentley, Perth, Western Australia "
N Pooran,604302,,West Indies,Wicketkeeper batsman,Left-hand bat,,"
October 2, 1995, Trinidad "
RR Powar,32391,,India,Bowler,Right-hand bat,Right-arm offbreak,"
May 20, 1978, Bombay (now Mumbai), Maharashtra "
CA Pujara,32540,,India,Top-order batsman,Right-hand bat,Legbreak,"
January 25, 1988, Rajkot, Gujarat "
KL Rahul,422108,,India,Opening batsman,Right-hand bat,,"
April 18, 1992, Bangalore, Karnataka "
Ravi Bishnoi,1175441,,India,Bowler,Right-hand bat,Legbreak googly,"
September 5, 2000, Jodhpur, Rajasthan "
NJ Rimmington,7443,,Australia,Bowler,Right-hand bat,Right-arm fast-medium,"
November 11, 1982, Redcliffe, Queensland "
P Sahu,34155,,India,Allrounder,Right-hand bat,Legbreak googly,"
August 21, 1985, Bhiwani "
N Saini,274785,,India,,Right-hand bat,,"
October 28, 1988, Rohtak "
Sandeep Sharma,438362,,India,Bowler,Right-hand bat,Right-arm medium,"
May 18, 1993, Patiala, Punjab "
RR Sarwan,52969,,West Indies,Batsman,Right-hand bat,Legbreak,"
June 23, 1980, Wakenaam Island, Essequibo, Guyana "
R Sathish,33870,,India,Allrounder,Right-hand bat,Right-arm medium,"
January 14, 1981, Trichy (now Tiruchchirappali), Tamil Nadu "
Shivam Sharma,717201,,India,,Right-hand bat,Right-arm offbreak,"
September 9, 1993, Delhi "
P Simran Singh,1161024,,India,Wicketkeeper batsman,Right-hand bat,,"
August 10, 2000 "
VRV Singh,35281,,India,,Right-hand bat,Right-arm medium-fast,"
September 17, 1984, Chandigarh, Punjab, India "
RS Sodhi,34078,,India,,Right-hand bat,Right-arm medium,"
October 18, 1980, Patiala, Punjab "
BB Sran,537126,,India,Bowler,Left-hand bat,Left-arm medium,"
December 10, 1992, Sirsa "
S Sreesanth,34274,,India,Bowler,Right-hand bat,Right-arm fast-medium,"
February 6, 1983, Kothamangalam, Kerala "
SJ Srivastava,34245,,India,Bowler,Right-hand bat,Left-arm fast-medium,"
September 22, 1981, Allahabad, Uttar Pradesh "
TM Srivastava,35401,,India,Top-order batsman,Left-hand bat,Right-arm medium,"
November 7, 1989, Kanpur, Uttar Pradesh "
Sunny Singh,35282,,India,Batsman,Right-hand bat,Right-arm medium-fast,"
December 18, 1986, Bhiwani "
Swapnil Singh,232292,,India,Bowler,Right-hand bat,Slow left-arm orthodox,"
January 22, 1991, Rae Bareilly, Uttar Pradesh "
PC Valthaty,35630,,India,Batsman,Right-hand bat,Right-arm medium,"
December 7, 1983, Bombay (now Mumbai), Maharashtra "
CV Varun,1108375,,India,Bowler,Right-hand bat,Legbreak googly,"
August 29, 1991, Bidar, Karnataka "
GC Viljoen,375126,,South Africa,Bowler,Right-hand bat,Right-arm fast,"
March 6, 1989, Witbank "
M Vohra,532856,,India,Opening batsman,Right-hand bat,Right-arm medium,"
July 18, 1993, Chandigarh, Punjab "
B Akhil,26206,,India,Bowler,Right-hand bat,Right-arm medium-fast,"
October 7, 1977, Bangalore, Karnataka "
Y Gnaneswara Rao,28830,,India,Allrounder,Right-hand bat,Right-arm medium,"
August 25, 1984, Visakhapatnam, Andhra Pradesh "
RV Gomez,28846,,India,Allrounder,Right-hand bat,Right-arm medium,"
October 16, 1985 "
BJ Hodge,5674,,Australia,Top-order batsman,Right-hand bat,Right-arm offbreak,"
December 29, 1974, Sandringham, Victoria "
M Klinger,6161,,Australia,Batsman,Right-hand bat,,"
July 4, 1980, Kew, Melbourne, Victoria "
P Parameswaran,279562,,India,,Right-hand bat,Left-arm medium,"
May 30, 1985, Thanner Mukham "
P Prasanth,32211,,India,,Left-hand bat,Slow left-arm orthodox,"
May 22, 1985, Thiruvananthapuram, Kerala "
OA Shah,20123,,England,Batsman,Right-hand bat,Right-arm offbreak,"
October 22, 1978, Karachi, Sind, Pakistan "
R Vinay Kumar,35731,,India,Bowler,Right-hand bat,Right-arm medium,"
February 12, 1984, Davanagere, Karnataka "
SE Bond,36326,,New Zealand,Bowler,Right-hand bat,Right-arm fast,"
June 7, 1975, Christchurch, Canterbury "
MV Boucher,44111,,South Africa,Wicketkeeper batsman,Right-hand bat,Right-arm medium,"
December 3, 1976, East London, Cape Province "
DM Bravo,277472,,West Indies,Top-order batsman,Left-hand bat,Right-arm medium,"
February 6, 1989, Trinidad "
A Chopra,27639,,India,Batsman,Right-hand bat,"Right-arm medium, Right-arm offbreak","
September 19, 1977, Agra, Uttar Pradesh "
TK Curran,550235,,England,Bowling allrounder,Right-hand bat,Right-arm fast-medium,"
March 12, 1995, Cape Town, Cape Province "
DB Das,328163,,India,,Right-hand bat,Legbreak googly,"
September 22, 1986, Siliguri, Bengal "
C de Grandhomme,55395,,New Zealand,Allrounder,Right-hand bat,Right-arm medium-fast,"
July 22, 1986, Harare "
M de Lange,393279,,South Africa,Bowler,Right-hand bat,Right-arm fast,"
October 13, 1990, Tzaneen, Limpopo "
JL Denly,12454,,England,Top-order batsman,Right-hand bat,Legbreak,"
March 16, 1986, Canterbury, Kent "
LH Ferguson,493773,,New Zealand,Bowler,Right-hand bat,Right-arm fast,"
June 13, 1991, Auckland "
SC Ganguly,28779,,India,Batsman,Left-hand bat,Right-arm medium,"
July 8, 1972, Calcutta (now Kolkata), Bengal "
RS Gavaskar,28792,,India,,Left-hand bat,Slow left-arm orthodox,"
February 20, 1976, Kanpur, Uttar Pradesh "
AN Ghosh,220435,,India,Batsman,Right-hand bat,Right-arm medium,"
October 19, 1986, Barasat, Kolkatta "
SP Goswami,302579,,India,Wicketkeeper batsman,Left-hand bat,,"
May 18, 1989, Calcutta (now Kolkata), Bengal "
HF Gurney,244639,,England,Bowler,Right-hand bat,Left-arm fast-medium,"
October 25, 1986, Nottingham "
BJ Haddin,5560,,Australia,Wicketkeeper batsman,Right-hand bat,,"
October 23, 1977, Cowra, New South Wales "
Harpreet Singh,340854,,India,Batsman,Left-hand bat,Right-arm medium,"
August 11, 1991, Durg, Madhya Pradesh "
GB Hogg,5681,,Australia,Allrounder,Left-hand bat,Slow left-arm chinaman,"
February 6, 1971, Narrogin, Western Australia "
Iqbal Abdulla,277237,,India,Allrounder,Left-hand bat,Slow left-arm orthodox,"
December 2, 1989, Azamgarh "
SP Jackson,237696,,India,Wicketkeeper batsman,Right-hand bat,,"
September 27, 1986, Bhavnagar, Saurashtra "
JH Kallis,45789,,South Africa,Allrounder,Right-hand bat,Right-arm fast-medium,"
October 16, 1975, Pinelands, Cape Town, Cape Province "
Kuldeep Yadav,559235,,India,Bowler,Left-hand bat,Slow left-arm chinaman,"
December 14, 1994, Kanpur, Uttar Pradesh "
CK Langeveldt,45963,,South Africa,Bowler,Right-hand bat,Right-arm fast-medium,"
December 17, 1974, Stellenbosch, Cape Province "
Mashrafe Mortaza,56007,,Bangladesh,Bowler,Right-hand bat,Right-arm fast-medium,"
October 5, 1983, Norail, Jessore "
BAW Mendis,268739,,Sri Lanka,Bowler,Right-hand bat,Right-arm offbreak,"
March 11, 1985, Moratuwa "
Mohammad Hafeez,41434,,Pakistan,Allrounder,Right-hand bat,Right-arm offbreak,"
October 17, 1980, Sargodha, Punjab "
KL Nagarkoti,1070188,,India,Bowler,Right-hand bat,Right-arm fast,"
December 28, 1999, Barmer, Rajasthan "
SP Narine,230558,,West Indies,Bowling allrounder,Left-hand bat,Right-arm offbreak,"
May 26, 1988, Arima, Trinidad & Tobago "
S Narwal,32084,,India,Allrounder,Left-hand bat,Right-arm medium,"
April 16, 1982, Chirao, Karnal, Haryana "
MK Pandey,290630,,India,Top-order batsman,Right-hand bat,Right-arm medium,"
September 10, 1989, Nainital, Uttaranchal "
MB Parmar,240734,,India,,Right-hand bat,Right-arm offbreak,"
April 12, 1988, Gandhinagar, Gujarat "
YK Pathan,32498,,India,Allrounder,Right-hand bat,Right-arm offbreak,"
November 17, 1982, Baroda, Gujarat "
RT Ponting,7133,,Australia,Top-order batsman,Right-hand bat,Right-arm medium,"
December 19, 1974, Launceston, Tasmania "
M Prasidh Krishna,917159,,India,Bowler,Right-hand bat,Right-arm medium-fast,"
February 19, 1996, Bangalore, Karnataka "
Y Prithvi Raj,1121579,,India,Bowler,Left-hand bat,Left-arm medium,"
February 20, 1998, Duggirala, Andra "
N Rana,604527,,India,Middle-order batsman,Left-hand bat,Right-arm offbreak,"
December 27, 1993, Delhi "
Salman Butt,42683,,Pakistan,Batsman,Left-hand bat,Right-arm offbreak,"
October 7, 1984, Lahore, Punjab "
S Sandeep Warrier,592735,,India,Bowler,Right-hand bat,Right-arm medium,"
April 4, 1991, Thrissur, Kerala "
SS Sarkar,34402,,India,,Right-hand bat,Right-arm medium,"
December 15, 1984, Calcutta (now Kolkata), Bengal "
JPR Scantlebury-Searles,230554,,West Indies,Bowling allrounder,Right-hand bat,Right-arm fast-medium,"
December 21, 1986, Durants Village, St James, Barbados "
SMSM Senanayake,273439,,Sri Lanka,Bowler,Right-hand bat,Right-arm offbreak,"
February 9, 1985, Colombo "
SS Shaikh,377437,,India,,Right-hand bat,Right-arm medium,"
January 18, 1987, Bombay (now Mumbai), Maharashtra "
Shakib Al Hasan,56143,,Bangladesh,Allrounder,Left-hand bat,Slow left-arm orthodox,"
March 24, 1987, Magura, Jessore "
Shivam Mavi,1079848,,India,Allrounder,Right-hand bat,Right-arm fast-medium,"
November 26, 1998, Noida, Uttar Pradesh "
Shoaib Akhtar,42655,,Pakistan,Bowler,Right-hand bat,Right-arm fast,"
August 13, 1975, Rawalpindi, Punjab "
Shubman Gill,1070173,,India,Opening batsman,Right-hand bat,Right-arm offbreak,"
September 8, 1999, Fazilka, Punjab "
RK Singh,723105,,India,Middle-order batsman,Left-hand bat,Right-arm offbreak,"
October 12, 1997, Aligarh, Uttar Pradesh "
T Taibu,55805,,Zimbabwe,Wicketkeeper batsman,Right-hand bat,Right-arm medium,"
May 14, 1983, Harare "
RN ten Doeschate,47660,,Netherlands,Allrounder,Right-hand bat,Right-arm medium-fast,"
June 30, 1980, Port Elizabeth, Cape Province "
RA Tripathi,446763,,India,Top-order batsman,Right-hand bat,Right-arm medium,"
March 2, 1991, Ranchi "
Umar Gul,43524,,Pakistan,Bowler,Right-hand bat,Right-arm fast-medium,"
April 14, 1984, Peshawar, North-Western Frontier Province "
RV Uthappa,35582,,India,Batsman,Right-hand bat,Right-arm medium,"
November 11, 1985, Coorg, Karnataka "
MN van Wyk,47711,,South Africa,Wicketkeeper batsman,Right-hand bat,Slow left-arm orthodox,"
March 20, 1979, Bloemfontein, Orange Free State "
CR Woakes,247235,,England,Allrounder,Right-hand bat,Right-arm fast-medium,"
March 2, 1989, Birmingham, Warwickshire "
SA Yadav,446507,,India,Batsman,Right-hand bat,"Right-arm medium, Right-arm offbreak","
September 14, 1990, Mumbai, Maharashtra "
Yashpal Singh,36130,,India,Batsman,Right-hand bat,Right-arm medium,"
November 27, 1981, Delhi "
AN Ahmed,228430,,India,Bowler,Right-hand bat,Right-arm medium-fast,"
November 5, 1988, Guwahati, Assam "
JP Behrendorff,272477,,Australia,Bowler,Right-hand bat,Left-arm fast-medium,"
April 20, 1990, Camden, New South Wales "
STR Binny,27223,,India,Allrounder,Right-hand bat,Right-arm medium,"
June 3, 1984, Bangalore, Karnataka "
AC Blizzard,4498,,Australia,Batsman,Left-hand bat,Left-arm medium,"
June 27, 1984, Shepparton, Victoria "
JJ Bumrah,625383,,India,Bowler,Right-hand bat,Right-arm fast,"
December 6, 1993, Ahmedabad "
JC Buttler,308967,,England,Wicketkeeper batsman,Right-hand bat,,"
September 8, 1990, Taunton, Somerset "
YS Chahal,430246,,India,Bowler,Right-hand bat,Legbreak googly,"
July 23, 1990, Jind, Haryana "
RD Chahar,1064812,,India,Bowler,Right-hand bat,Legbreak googly,"
August 4, 1999, Bharaatpur, Rajasthan "
BCJ Cutting,230371,,Australia,Allrounder,Right-hand bat,Right-arm fast-medium,"
January 30, 1987, Sunnybank, Brisbane, Queensland "
A Dananjaya,574178,,Sri Lanka,Allrounder,Left-hand bat,"Right-arm offbreak, Legbreak","
October 4, 1993, Panadura "
BR Dunk,388678,,Australia,Wicketkeeper batsman,Left-hand bat,Right-arm offbreak,"
March 11, 1987, Innisfail, Queensland "
CRD Fernando,48835,,Sri Lanka,Bowler,Right-hand bat,Right-arm fast-medium,"
July 19, 1979, Colombo "
JEC Franklin,37004,,New Zealand,Allrounder,Left-hand bat,Left-arm medium,"
November 7, 1980, Wellington "
S Gopal,344580,,India,Allrounder,Right-hand bat,Legbreak,"
September 4, 1993, Banglaore, Karnataka "
DJ Jacobs,45782,,South Africa,Wicketkeeper batsman,Right-hand bat,Right-arm medium,"
November 4, 1982, Klerksdorp, Transvaal "
ST Jayasuriya,49209,,Sri Lanka,Allrounder,Left-hand bat,Slow left-arm orthodox,"
June 30, 1969, Matara "
AS Joseph,670031,,West Indies,Bowler,Right-hand bat,Right-arm fast-medium,"
November 20, 1996, Antigua "
MA Khote,30220,,India,,Right-hand bat,Right-arm medium,"
April 22, 1980, Sopra, Thana, Maharashtra "
SD Lad,422342,,India,Middle-order batsman,Right-hand bat,Right-arm offbreak,"
May 23, 1992, Mumbai "
RE Levi,46148,,South Africa,Opening batsman,Right-hand bat,Right-arm medium,"
January 14, 1988, Johannesburg "
E Lewis,431901,,West Indies,Opening batsman,Left-hand bat,,"
December 27, 1991, Port of Spain, Trinidad "
MJ McClenaghan,319439,,New Zealand,Bowler,Left-hand bat,Left-arm fast-medium,"
June 11, 1986, Hastings, Hawke's Bay "
CJ McKay,6903,,Australia,Bowler,Right-hand bat,Right-arm fast-medium,"
February 20, 1983, Melbourne, Victoria "
C Madan,31104,,India,Wicketkeeper,Right-hand bat,,"
October 15, 1982 "
SL Malinga,49758,,Sri Lanka,Bowler,Right-hand bat,Right-arm fast,"
August 28, 1983, Galle "
M Markande,1081442,,India,Bowler,Right-hand bat,Legbreak,"
November 11, 1997, Bathinda, Punjab "
Mohammad Ashraful,55988,,Bangladesh,Middle-order batsman,Right-hand bat,"Right-arm offbreak, Legbreak","
July 7, 1984, Dhaka "
AG Murtaza,26490,,India,Bowler,Left-hand bat,Slow left-arm orthodox,"
January 1, 1990, Allahabad, Uttar Pradesh "
Mustafizur Rahman,330902,,Bangladesh,Bowler,Left-hand bat,Left-arm fast-medium,"
September 6, 1995, Satkhira "
C Nanda,32093,,India,,Right-hand bat,Legbreak,"
March 29, 1979, Delhi "
GR Napier,17991,,England,,Right-hand bat,Right-arm medium,"
January 6, 1980, Colchester, Essex "
A Nel,46569,,South Africa,,Right-hand bat,Right-arm fast-medium,"
July 15, 1977, Germiston, Transvaal "
HH Pandya,625371,,India,Allrounder,Right-hand bat,Right-arm medium-fast,"
October 11, 1993, Choryasi, Gujarat "
KH Pandya,471342,,India,Allrounder,Left-hand bat,Slow left-arm orthodox,"
March 24, 1991, Ahmedabad, Gujarat "
JL Pattinson,272465,,Australia,Bowler,Left-hand bat,Right-arm fast-medium,"
May 3, 1990, Melbourne, Victoria "
RV Pawar,32305,,India,Bowler,Left-hand bat,Slow left-arm orthodox,"
September 6, 1979, Bombay (now Mumbai), Maharashtra "
RJ Peterson,46750,,South Africa,Bowler,Left-hand bat,Slow left-arm orthodox,"
August 4, 1979, Port Elizabeth, Cape Province "
KA Pollard,230559,,West Indies,Allrounder,Right-hand bat,Right-arm medium,"
May 12, 1987, Tacarigua, Trinidad "
SM Pollock,46774,,South Africa,Allrounder,Right-hand bat,Right-arm fast-medium,"
July 16, 1973, Port Elizabeth, Cape Province "
RW Price,55698,,Zimbabwe,Bowler,Right-hand bat,Slow left-arm orthodox,"
June 12, 1976, Salisbury (now Harare) "
AM Rahane,277916,,India,Top-order batsman,Right-hand bat,Right-arm medium,"
June 6, 1988, Ashwi-KD, Maharashtra "
RR Raje,290713,,India,,Right-hand bat,Right-arm fast-medium,"
September 3, 1986, Neral, Maharashtra "
Rasikh Salam,1161489,,India,Bowler,Right-hand bat,Right-arm medium,"
April 5, 2001 "
L Ronchi,7502,,New Zealand,Wicketkeeper batsman,Right-hand bat,,"
April 23, 1981, Dannevirke, Manawatu, New Zealand "
AS Roy,1079839,,India,Allrounder,Left-hand bat,Slow left-arm orthodox,"
November 30, 1998, Saraikela Kharswan, Jharkhand "
K Santokie,314622,,West Indies,Bowler,Left-hand bat,Left-arm medium,"
December 20, 1984, Clarendon, Jamaica "
PR Shah,34282,,India,Wicketkeeper batsman,Right-hand bat,,"
November 3, 1987, Baroda, Gujarat "
RA Shaikh,279460,,India,,Left-hand bat,Left-arm medium,"
June 12, 1985 "
LMP Simmons,53116,,West Indies,Top-order batsman,Right-hand bat,Right-arm medium-fast,"
January 25, 1985, Port of Spain, Trinidad "
P Suyal,431213,,India,Bowler,Right-hand bat,Left-arm medium,"
October 15, 1989, Paudi, Uttaranchal "
YV Takawale,35357,,India,,Right-hand bat,,"
November 5, 1984, Pune, Maharashtra "
SR Tendulkar,35320,,India,Top-order batsman,Right-hand bat,"Right-arm offbreak, Legbreak googly","
April 24, 1973, Bombay (now Mumbai), Maharashtra "
DJ Thornely,8002,,Australia,Top-order batsman,Right-hand bat,"Right-arm medium, Right-arm offbreak","
October 1, 1978, Albury, New South Wales "
VS Yeligati,307448,,India,,Right-hand bat,Right-arm offbreak,"
April 23, 1985, Bombay (now Mumbai), Maharashtra "
UA Birla,262533,,India,,Right-hand bat,Right-arm medium,"
November 17, 1989, Calcutta (now Kolkata), Bengal "
MJ Clarke,4578,,Australia,Middle-order batsman,Right-hand bat,Slow left-arm orthodox,"
April 2, 1981, Liverpool, New South Wales "
CJ Ferguson,5236,,Australia,Middle-order batsman,Right-hand bat,Right-arm medium,"
November 21, 1984, North Adelaide, South Australia "
Kamran Khan,391121,,India,Bowler,Left-hand bat,Left-arm medium-fast,"
March 10, 1991, Azamgarh, Uttar Pradesh "
B Kumar,326016,,India,Bowler,Right-hand bat,Right-arm medium,"
February 5, 1990, Meerut, Uttar Pradesh "
NL McCullum,37749,,New Zealand,Bowler,Right-hand bat,Right-arm offbreak,"
September 1, 1980, Dunedin, Otago "
AP Majumdar,31750,,India,,Right-hand bat,Legbreak googly,"
April 30, 1984, Chandannagore, Hooghly, Bengal, India "
SS Mundhe,279862,,India,Allrounder,Right-hand bat,Right-arm medium,"
October 27, 1988, Nanded "
TD Paine,7252,,Australia,Wicketkeeper batsman,Right-hand bat,Right-arm medium,"
December 8, 1984, Hobart, Tasmania "
Parvez Rasool,378496,,India,Bowling allrounder,Right-hand bat,Right-arm offbreak,"
February 13, 1989, Bijbehara, Jammu and Kashmir "
S Rana,33757,,India,Bowler,Right-hand bat,Right-arm medium-fast,"
September 18, 1984, Gurgaon, Haryana "
M Rawat,33440,,India,,Right-hand bat,,"
October 25, 1985, Faridabad "
KW Richardson,272262,,Australia,Bowler,Right-hand bat,Right-arm fast-medium,"
February 12, 1991, Eudunda, South Australia "
JD Ryder,38373,,New Zealand,Allrounder,Left-hand bat,Right-arm medium,"
August 6, 1984, Masterton, Wellington "
GC Smith,47270,,South Africa,Opening batsman,Left-hand bat,Right-arm offbreak,"
February 1, 1981, Johannesburg, Transvaal "
SPD Smith,267192,,Australia,Middle-order batsman,Right-hand bat,Legbreak googly,"
June 2, 1989, Sydney, New South Wales "
JE Taylor,53191,,West Indies,Bowler,Right-hand bat,Right-arm fast,"
June 22, 1984, St Elizabeth, Jamaica "
AC Thomas,47569,,South Africa,Bowler,Right-hand bat,Right-arm fast-medium,"
February 9, 1977, Cape Town, Cape Province "
K Upadhyay,431876,,India,,Right-hand bat,Right-arm medium,"
June 18, 1986, Agar, Uttar Pradesh "
SB Wagh,279552,,India,Allrounder,Left-hand bat,Left-arm medium-fast,"
October 9, 1988, Chikhli "
LJ Wright,23460,,England,Top-order batsman,Right-hand bat,Right-arm medium-fast,"
March 7, 1985, Grantham, Lincolnshire "
JC Archer,669855,,England,Bowler,Right-hand bat,Right-arm fast,"
April 1, 1995, Bridgetown, Barbados "
SA Asnodkar,26782,,India,Batsman,Right-hand bat,Right-arm offbreak,"
March 29, 1984, Porvorim, Goa, India "
LA Carseldine,4541,,Australia,Allrounder,Left-hand bat,Left-arm medium,"
November 17, 1975, Nambour, Queensland "
A Chandila,27783,,India,Allrounder,Right-hand bat,Right-arm offbreak,"
December 5, 1983, Faridabad, Haryana "
AA Chavan,337913,,India,Batsman,Left-hand bat,Slow left-arm orthodox,"
October 28, 1985, Bombay (now Mumbai), Maharashtra "
P Chopra,500135,,India,Opening batsman,Right-hand bat,Legbreak googly,"
October 7, 1992, Solan, Himachal Pradesh "
KK Cooper,371814,,West Indies,Allrounder,Right-hand bat,Right-arm medium,"
February 16, 1989, Trinidad "
AP Dole,236694,,India,Bowler,Right-hand bat,Right-arm medium-fast,"
October 9, 1987, Pimpri, Maharashtra "
ND Doshi,12440,,England,Bowler,Right-hand bat,Slow left-arm orthodox,"
October 6, 1978, Nottingham "
R Dravid,28114,,India,Top-order batsman,Right-hand bat,Right-arm offbreak,"
January 11, 1973, Indore, Madhya Pradesh "
FY Fazal,28671,,India,Opening batsman,Left-hand bat,Right-arm medium,"
September 7, 1985, Nagpur, Maharashtra "
Harmeet Singh,422847,,India,,Left-hand bat,Slow left-arm orthodox,"
September 7, 1992, Mumbai "
SM Harwood,5605,,Australia,Bowler,Right-hand bat,Right-arm fast-medium,"
March 1, 1974, Ballarat, Victoria "
T Henderson,45434,,South Africa,Bowler,Right-hand bat,Right-arm fast-medium,"
August 1, 1974, Durban, Natal "
DJ Hooda,497121,,India,Allrounder,Right-hand bat,Right-arm offbreak,"
April 19, 1995, Rohtak "
YBK Jaiswal,1151278,,India,Opening batsman,Left-hand bat,Legbreak,"
December 28, 2001, Suriya, Uttar Pradesh "
Kamran Akmal,41028,,Pakistan,Wicketkeeper batsman,Right-hand bat,,"
January 13, 1982, Lahore, Punjab "
H Klaasen,436757,,South Africa,Wicketkeeper batsman,Right-hand bat,,"
July 30, 1991, Pretoria, Transvaal "
DS Lehmann,6285,,Australia,Top-order batsman,Left-hand bat,Slow left-arm orthodox,"
February 5, 1970, Gawler, South Australia "
LS Livingstone,403902,,England,Batsman,Right-hand bat,"Right-arm offbreak, Legbreak","
August 4, 1993, Barrow-in-Furness, Cumberland "
MK Lomror,853265,,India,Allrounder,Left-hand bat,Slow left-arm orthodox,"
November 16, 1999, Nagaur, Rajasthan "
DR Martyn,6513,,Australia,Top-order batsman,Right-hand bat,Right-arm medium,"
October 21, 1971, Darwin, Northern Territory "
AL Menaria,371150,,India,Allrounder,Left-hand bat,Slow left-arm orthodox,"
October 29, 1990, Udaipur, Rajasthan "
S Midhun,1131619,,India,Bowler,Right-hand bat,Legbreak googly,"
October 7, 1994, Kayamkulam (Allapuzha District) "
Pankaj Singh,32973,,India,Bowler,Right-hand bat,Right-arm medium-fast,"
May 6, 1985, Sultanpur, Uttar Pradesh "
R Parag,1079434,,India,Top-order batsman,Right-hand bat,Legbreak,"
November 10, 2001, Guwahati, Assam "
NK Patel,32240,,India,,Left-hand bat,,"
March 26, 1981, Ahmedabad, Gujarat "
AG Paunikar,324444,,India,Wicketkeeper batsman,Right-hand bat,,"
April 18, 1988, Nagpur, Maharashtra, India "
MDKJ Perera,300631,,Sri Lanka,Wicketkeeper batsman,Left-hand bat,,"
August 17, 1990, Kalubowila "
RJ Quiney,211854,,Australia,Batsman,Left-hand bat,Right-arm medium,"
August 20, 1982, Brighton, Victoria "
AS Raut,230593,,India,Allrounder,Right-hand bat,Legbreak googly,"
March 3, 1987, Jaipur Road, Maharashtra "
Sachin Baby,432783,,India,Batsman,Left-hand bat,Right-arm offbreak,"
December 18, 1988, Thodupuzha, Kerala "
D Salunkhe,278482,,India,Bowler,Right-hand bat,Legbreak,"
November 12, 1982, Mumbai "
DJM Short,308798,,Australia,Opening batsman,Left-hand bat,Slow left-arm chinaman,"
August 9, 1990, Katherine, Northern Territory "
A Singh,26789,,India,Bowler,Right-hand bat,Right-arm medium-fast,"
June 21, 1981, Bidar, Karnataka "
IS Sodhi,559066,,New Zealand,Bowler,Right-hand bat,Legbreak,"
October 31, 1992, Ludhiana, India "
Sohail Tanvir,43265,,Pakistan,Bowler,Left-hand bat,Left-arm medium-fast,"
December 12, 1984, Rawalpindi, Punjab "
BA Stokes,311158,,England,Allrounder,Left-hand bat,Right-arm fast-medium,"
June 4, 1991, Christchurch, Canterbury, New Zealand "
SW Tait,8076,,Australia,Bowler,Right-hand bat,Right-arm fast,"
February 22, 1983, Bedford Park, Adelaide, South Australia "
O Thomas,914567,,West Indies,Bowler,Left-hand bat,Right-arm fast,"
February 18, 1997 "
SK Trivedi,35353,,India,Bowler,Right-hand bat,Right-arm medium,"
September 4, 1982, Ahmedabad, Gujarat "
AJ Turner,500268,,Australia,Middle-order batsman,Right-hand bat,Right-arm offbreak,"
January 25, 1993, Perth "
A Uniyal,35586,,India,,Left-hand bat,Left-arm medium,"
November 21, 1981, Chandigarh "
AC Voges,8119,,Australia,Top-order batsman,Right-hand bat,Slow left-arm orthodox,"
October 4, 1979, Subiaco, Perth, Western Australia "
SK Warne,8166,,Australia,Bowler,Right-hand bat,Legbreak googly,"
September 13, 1969, Ferntree Gully, Victoria "
DH Yagnik,36071,,India,Wicketkeeper,Left-hand bat,,"
June 22, 1983, Banswara, Rajasthan "
Younis Khan,43652,,Pakistan,Middle-order batsman,Right-hand bat,"Right-arm medium, Legbreak","
November 29, 1977, Mardan, North-West Frontier Province (now Khyber Pakhtunkhwa) "
SM Boland,446548,,Australia,Bowler,Right-hand bat,Right-arm fast-medium,"
April 11, 1989, Melbourne, Australia "
PSP Handscomb,334337,,Australia,Batsman,Right-hand bat,,"
April 26, 1991, Melbourne, Victoria "
UT Khawaja,215155,,Australia,Top-order batsman,Left-hand bat,Right-arm medium,"
December 18, 1986, Islamabad, Pakistan "
Washington Sundar,719715,,India,Bowling allrounder,Left-hand bat,Right-arm offbreak,"
October 5, 1999, Chennai, Tamil Nadu "
A Zampa,379504,,Australia,Bowler,Right-hand bat,Legbreak googly,"
March 31, 1992, Shellharbour, New South Wales "
SA Abbott,398666,,Australia,Bowler,Right-hand bat,Right-arm fast-medium,"
February 29, 1992, Windsor, New South Wales "
Abdur Razzak,56283,,Bangladesh,Bowler,Left-hand bat,Slow left-arm orthodox,"
June 15, 1982, Khulna "
MM Ali,8917,,England,Batting allrounder,Left-hand bat,Right-arm offbreak,"
June 18, 1987, Birmingham "
KP Appanna,269170,,India,,Right-hand bat,Slow left-arm orthodox,"
December 20, 1988, Kodagu, Karnataka "
S Aravind,290632,,India,Bowler,Left-hand bat,Left-arm medium-fast,"
April 8, 1984, Bangalore, Karnataka "
J Arunkumar,26291,,India,,Right-hand bat,Right-arm offbreak,"
January 18, 1975, Bangalore, Karnataka "
RR Bhatkal,27150,,India,Allrounder,Right-hand bat,Right-arm medium,"
September 1, 1985, Belgaum, Karnataka "
R Bishnoi,236766,,India,,Right-hand bat,Right-arm medium-fast,"
October 8, 1987, Bikaner "
S Chanderpaul,51469,,West Indies,Batsman,Left-hand bat,Legbreak,"
August 16, 1974, Unity Village, East Coast, Demerara, Guyana "
A Choudhary,527299,,India,Bowler,Right-hand bat,Left-arm medium,"
January 28, 1990, Bikaner, Rajasthan "
S Dube,714451,,India,Allrounder,Left-hand bat,Right-arm medium,"
June 26, 1993, Mumbai "
D du Preez,44938,,South Africa,,Right-hand bat,Right-arm fast-medium,"
November 8, 1981, Port Elizabeth, Cape Province "
TM Head,530011,,Australia,Middle-order batsman,Left-hand bat,Right-arm offbreak,"
December 29, 1993, Adelaide, South Australia "
W Jaffer,29646,,India,Top-order batsman,Right-hand bat,Right-arm offbreak,"
February 16, 1978, Bombay (now Mumbai), Maharashtra "
SB Joshi,29725,,India,Allrounder,Left-hand bat,Slow left-arm orthodox,"
June 6, 1970, Gadag, Karnataka "
AA Kazi,422106,,India,Bowler,Left-hand bat,Slow left-arm orthodox,"
September 29, 1989, Bangalore, Karnataka "
K Khejroliya,1083033,,India,Bowler,Left-hand bat,Left-arm medium-fast,"
March 13, 1992, Churi Ajitgarh Jhunjhunu District, Rajasthan "
V Kohli,253802,,India,Top-order batsman,Right-hand bat,Right-arm medium,"
November 5, 1988, Delhi "
A Kumble,30176,,India,Bowler,Right-hand bat,Legbreak googly,"
October 17, 1970, Bangalore, Karnataka "
NJ Maddinson,333780,,Australia,Opening batsman,Left-hand bat,Slow left-arm orthodox,"
December 21, 1991, Nowra, New South Wales "
TS Mills,459257,,England,Bowler,Right-hand bat,Left-arm fast,"
August 12, 1992, Dewsbury, Yorkshire "
AF Milne,450860,,New Zealand,Bowler,Right-hand bat,Right-arm fast,"
April 13, 1992, Palmerston North "
Misbah-ul-Haq,41378,,Pakistan,Middle-order batsman,Right-hand bat,Legbreak,"
May 28, 1974, Mianwali, Punjab "
A Mithun,310958,,India,Bowler,Right-hand bat,Right-arm medium,"
October 25, 1989, Bangalore "
Mohammed Siraj,940973,,India,Bowler,Right-hand bat,Right-arm medium-fast,"
March 13, 1994, Hyderabad "
R Ninan,353669,,India,Allrounder,Right-hand bat,Right-arm offbreak,"
November 19, 1985, Thiruvananthapuram "
AA Noffke,6938,,Australia,Allrounder,Right-hand bat,Right-arm fast-medium,"
April 30, 1977, Nambour, Queensland "
D Padikkal,1119026,,India,Top-order batsman,Left-hand bat,Right-arm offbreak,"
July 7, 2000, Edapal, Kerala "
AUK Pathan,430401,,India,Bowler,Right-hand bat,Right-arm medium,"
June 17, 1984, Ankleshwar, Gujarat "
DT Patil,32389,,India,,Right-hand bat,,"
December 6, 1984 "
JR Philippe,1124282,,Australia,Wicketkeeper batsman,Right-hand bat,,"
June 1, 1997 "
R Rampaul,52912,,West Indies,Bowler,Left-hand bat,Right-arm fast-medium,"
October 15, 1984, Preysal, Trinidad "
P Ray Barman,1159712,,India,Bowler,Right-hand bat,Legbreak googly,"
October 25, 2002 "
RR Rossouw,318845,,South Africa,Top-order batsman,Left-hand bat,Right-arm offbreak,"
October 9, 1989, Bloemfontein, Orange Free State "
NA Saini,700167,,India,Bowler,Right-hand bat,Right-arm fast,"
November 23, 1992, Karnal, Haryana "
DJG Sammy,53115,,West Indies,Allrounder,Right-hand bat,Right-arm medium,"
December 20, 1983, Micoud, St Lucia "
T Shamsi,379145,,South Africa,Bowler,Right-hand bat,Slow left-arm chinaman,"
February 18, 1990, Johannesburg, Gauteng "
B Stanlake,533042,,Australia,Bowler,Left-hand bat,Right-arm fast,"
November 4, 1994, Hervey Bay, Australia "
MA Starc,311592,,Australia,Bowler,Left-hand bat,Left-arm fast,"
January 30, 1990, Baulkham Hills, Sydney, New South Wales "
J Syed Mohammad,35261,,India,Bowler,Left-hand bat,Slow left-arm orthodox,"
June 3, 1983, Madras (now Chennai), Tamil Nadu "
I Udana,328026,,Sri Lanka,Allrounder,Right-hand bat,Left-arm medium-fast,"
February 17, 1988, Balangoda "
JJ van der Wath,47693,,South Africa,Allrounder,Right-hand bat,Right-arm medium-fast,"
January 10, 1978, Newcastle, Natal "
Vishnu Vinod,732293,,India,,Right-hand bat,,"
December 2, 1993,  Pathanamthitta, Kerala "
D Wiese,221140,,South Africa,Allrounder,Right-hand bat,Right-arm medium-fast,"
May 18, 1985, Roodepoort "
VH Zol,554699,,India,,Left-hand bat,Right-arm offbreak,"
November 23, 1994, Jalna, Maharashtra "
Abdul Samad,1175485,,India,Batsman,Right-hand bat,Legbreak,"
October 28, 2001, Kala Kot, Jammu & Kashmir "
KK Ahmed,942645,,India,Bowler,Right-hand bat,Left-arm medium,"
December 5, 1997, Tonk, Rajasthan "
JM Bairstow,297433,,England,Wicketkeeper batsman,Right-hand bat,Right-arm medium,"
September 26, 1989, Bradford, Yorkshire "
RK Bhui,642531,,India,Top-order batsman,Right-hand bat,Legbreak googly,"
September 29, 1996, Bhopal, Madhya Pradesh "
PK Garg,1070180,,India,Top-order batsman,Right-hand bat,Right-arm medium,"
November 30, 2000, Meerut, Uttar Pradesh "
AD Hales,249866,,England,Opening batsman,Right-hand bat,Right-arm medium,"
January 3, 1989, Hillingdon, Middlesex "
Mohammad Nabi,25913,,Afghanistan,Allrounder,Right-hand bat,Right-arm offbreak,"
January 1, 1985, Loger, Afghanistan "
Rashid Khan,793463,,Afghanistan,Bowler,Right-hand bat,Legbreak googly,"
September 20, 1998, Nangarhar "
X Thalaivan Sargunam,319744,,India,,Right-hand bat,Right-arm offbreak,"
May 15, 1985, Nagar Kowil, Tamil Nadu "
KS Williamson,277906,,New Zealand,Top-order batsman,Right-hand bat,Right-arm offbreak,"
August 8, 1990, Tauranga "
